{"cameraMode":{"drawMode":0,"name":"Shaded","section":"Shading Mode"},"sceneLighting":true,"audioPlay":false,"sceneViewState":{"showFog":false,"showMaterialUpdate":false,"showSkybox":true,"showFlares":false,"showImageEffects":false,"showParticleSystems":false},"in2DMode":false,"pivot":{"x":25.518198013305665,"y":-40.00355529785156,"z":356.30181884765627},"rotation":{"x":0.16075554490089417,"y":0.7652938961982727,"z":-0.2095862627029419,"w":0.586990475654602},"size":104.3220443725586,"orthographic":false}